{
  "baseline": {
    "label": "Pre-MHSA Pipeline",
    "mae": 19.78213119506836,
    "rmse": 32.15045843435304,
    "smape": 144.02356931940346
  }
}
